{
    "sessions": [
        {
            "input": "The patient was sad.",
            "outputs": [
                "During the session, it became apparent that the patient was feeling downcast and disheartened.",
                "The patient expressed a sense of deep sadness and hopelessness about their current situation.",
                "Tears welled up as the patient shared a painful memory that seemed to weigh heavily on them.",
                "The therapist gently encouraged the patient to verbalize their emotions and validate their feelings.",
                "The patient described a lack of motivation and an overwhelming sense of emptiness.",
                "A focus was placed on exploring coping mechanisms to manage the patient's sadness."
            ]
        },
        {
            "input": "The patient expressed anxiety about the future.",
            "outputs": [
                "The patient shared their fears of uncertainty and feeling unprepared for upcoming challenges.",
                "Anxiety about potential failure seemed to dominate the patient's thoughts during the session.",
                "The therapist helped the patient identify specific triggers contributing to their future-related anxiety.",
                "The session included discussions about practical strategies to cope with overwhelming worry.",
                "The patient described feeling stuck in a loop of 'what if' scenarios, preventing them from feeling calm.",
                "Relaxation techniques were introduced to help the patient manage their anxious thoughts more effectively."
            ]
        },
        {
            "input": "The patient reported feeling isolated.",
            "outputs": [
                "The patient described a deep sense of loneliness and disconnection from others.",
                "Feelings of isolation were linked to recent changes in the patient's social environment.",
                "The therapist explored ways to help the patient rebuild meaningful connections with others.",
                "The patient expressed difficulty in initiating conversations, which contributed to their isolation.",
                "The session emphasized understanding the emotional impact of isolation on the patient’s well-being.",
                "Potential social activities were discussed as a way to help the patient feel more connected."
            ]
        },
        {
            "input": "The patient discussed a recent conflict with a family member.",
            "outputs": [
                "The patient expressed feelings of frustration and sadness about the unresolved argument.",
                "Details of the conflict revealed long-standing issues within the family dynamic.",
                "The therapist worked with the patient to identify their own emotional responses during the conflict.",
                "The session focused on developing effective communication strategies for future interactions.",
                "The patient reflected on their role in the conflict and expressed a desire to make amends.",
                "Possible steps for rebuilding trust and harmony were explored with the patient."
            ]
        },
        {
            "input": "The patient struggled to identify their emotions.",
            "outputs": [
                "The patient appeared confused and hesitant when asked about their feelings.",
                "The session focused on teaching the patient to recognize and label their emotions.",
                "The therapist used tools like emotion wheels to help the patient understand their feelings better.",
                "The patient acknowledged difficulty connecting with their emotional state due to past experiences.",
                "Mindfulness exercises were introduced as a way to help the patient tune into their emotions.",
                "The therapist normalized the patient's struggle and reassured them that it's a common challenge."
            ]
        },
        {
            "input": "The patient expressed frustration with their work situation.",
            "outputs": [
                "The patient described feeling undervalued and overworked in their current job.",
                "The session revealed underlying stress caused by the patient's work environment.",
                "The therapist encouraged the patient to identify specific aspects of their job causing frustration.",
                "The patient shared a desire for change but expressed uncertainty about next steps.",
                "The discussion included exploring potential career goals and aspirations.",
                "Stress management techniques were discussed to help the patient cope with their work-related frustrations."
            ]
        },
        {
            "input": "The patient showed improvement in managing their anger.",
            "outputs": [
                "The patient reported fewer instances of losing their temper in stressful situations.",
                "The therapist acknowledged the patient’s progress and reinforced positive coping strategies.",
                "Role-playing exercises were used to practice handling triggering scenarios effectively.",
                "The patient expressed pride in their ability to pause and reflect before reacting.",
                "Improved relationships were noted as a result of the patient’s better anger management.",
                "The session included setting new goals to build on the patient’s progress."
            ]
        },
        {
            "input": "The patient shared feelings of guilt about a past decision.",
            "outputs": [
                "The patient expressed a sense of regret and self-blame over their previous actions.",
                "Exploration of the decision revealed the complexity and context behind it.",
                "The therapist helped the patient reframe their perspective to reduce feelings of guilt.",
                "Self-forgiveness exercises were introduced as part of the therapeutic process.",
                "The patient began to acknowledge that mistakes are a natural part of growth.",
                "The session ended with a focus on strategies for moving forward constructively."
            ]
        },
        {
            "input": "The patient described a recurring nightmare.",
            "outputs": [
                "The patient detailed vivid imagery and strong emotions associated with the recurring nightmare.",
                "Themes of fear and helplessness emerged as central to the nightmare’s content.",
                "The therapist explored possible connections between the nightmare and the patient’s waking life.",
                "Relaxation techniques were suggested to help the patient prepare for sleep.",
                "The patient expressed a desire to understand and reduce the impact of the nightmare.",
                "Cognitive-behavioral approaches to address sleep disturbances were discussed during the session."
            ]
        },
        {
            "input": "The patient reported a significant milestone in their therapy progress.",
            "outputs": [
                "The patient shared excitement and pride over reaching a personal goal.",
                "The therapist celebrated the patient’s achievement and encouraged reflection on their journey.",
                "Discussion included identifying factors that contributed to the milestone's success.",
                "The patient described how the milestone has positively impacted other areas of their life.",
                "New challenges and aspirations were set to continue the momentum of progress.",
                "The session concluded with affirmations and strategies to maintain the positive changes."
            ]
        }
    ]
}